panel_id,subfigure,model_id,display_name,faulting_style,prediction_type,statistical_distribution,percentile,mw_validity_min,mw_validity_max,xL_validity_min,xL_validity_max,framework_class_path,source_citation,source_doi,exclusion_reason
a,A,youngs2003_md,"Youngs et al. (2003), Pezzopane and Dawson data",normal,D/MD,Beta,50,4.5,7.6,0.0,0.5,openquake.fdha.primary_surf_displ.youngs2003.Youngs2003PrimaryFD,"Youngs, R. R., Arabasz, W. J., Anderson, R. E., et al. (2003). A methodology for probabilistic fault displacement hazard analysis (PFDHA). Earthquake Spectra, 19(1), 191-219.",10.1193/1.1542891,
b,A,mossross2011_md_beta,"Moss and Ross (2011), Beta on D/MD",reverse,D/MD,Beta,50,5.5,8.0,0.0,0.5,openquake.fdha.primary_surf_displ.moss_ross2011.MossRoss2011PrimaryFD,"Moss, R. E. S., & Ross, Z. E. (2011). Probabilistic fault displacement hazard analysis for reverse faults. Bulletin of the Seismological Society of America, 101(4), 1542-1553.",10.1785/0120100248,
b,A,moss2024_md_gamma,Moss et al. (2024),reverse,D/MD,Gamma,50,4.7,8.0,0.0,0.5,openquake.fdha.primary_surf_displ.moss2024.Moss2024PrimaryFD,"Moss, R. E. S., Thompson, S. C., Kuo, C.-H., Younesi, K., & Baumont, D. (2024). New probabilistic fault displacement hazard models for reverse faulting. Earthquake Spectra.",10.1177/87552930241288560,
c,A,takao2013_md_long,"Takao et al. (2013), L >= 10 km",strike-slip,D/MD,Beta,50,5.8,7.4,0.0,0.5,openquake.fdha.primary_surf_displ.takao2013.Takao2013PrimaryFD,"Takao, M., Tsuchiyama, J., Annaka, T., & Kurita, T. (2013). Application of probabilistic fault displacement hazard analysis in Japan. Journal of Japan Association for Earthquake Engineering, 13(1), 17-36.",10.5610/jaee.13.1_17,
c,A,takao2013_md_short,"Takao et al. (2013), L < 10 km",strike-slip,D/MD,Beta,50,5.8,7.4,0.0,0.5,openquake.fdha.primary_surf_displ.takao2013.Takao2013PrimaryFD,"Takao, M., Tsuchiyama, J., Annaka, T., & Kurita, T. (2013). Application of probabilistic fault displacement hazard analysis in Japan. Journal of Japan Association for Earthquake Engineering, 13(1), 17-36.",10.5610/jaee.13.1_17,
d,A,youngs2003_ad,"Youngs et al. (2003), Pezzopane and Dawson data",normal,D/AD,Gamma,50,4.5,7.6,0.0,0.5,openquake.fdha.primary_surf_displ.youngs2003.Youngs2003PrimaryFD,"Youngs, R. R., Arabasz, W. J., Anderson, R. E., et al. (2003). A methodology for probabilistic fault displacement hazard analysis (PFDHA). Earthquake Spectra, 19(1), 191-219.",10.1193/1.1542891,
e,A,mossross2011_ad_gamma,"Moss and Ross (2011), Gamma on D/AD",reverse,D/AD,Gamma,50,5.5,8.0,0.0,0.5,openquake.fdha.primary_surf_displ.moss_ross2011.MossRoss2011PrimaryFD,"Moss, R. E. S., & Ross, Z. E. (2011). Probabilistic fault displacement hazard analysis for reverse faults. Bulletin of the Seismological Society of America, 101(4), 1542-1553.",10.1785/0120100248,
e,A,mossross2011_ad_weibull,"Moss and Ross (2011), Weibull on D/AD",reverse,D/AD,Weibull,50,5.5,8.0,0.0,0.5,openquake.fdha.primary_surf_displ.moss_ross2011.MossRoss2011PrimaryFD,"Moss, R. E. S., & Ross, Z. E. (2011). Probabilistic fault displacement hazard analysis for reverse faults. Bulletin of the Seismological Society of America, 101(4), 1542-1553.",10.1785/0120100248,
e,A,moss2024_ad_gamma,Moss et al. (2024),reverse,D/AD,Gamma,50,4.7,8.0,0.0,0.5,openquake.fdha.primary_surf_displ.moss2024.Moss2024PrimaryFD,"Moss, R. E. S., Thompson, S. C., Kuo, C.-H., Younesi, K., & Baumont, D. (2024). New probabilistic fault displacement hazard models for reverse faulting. Earthquake Spectra.",10.1177/87552930241288560,
e,A,takao2013_ad_long,"Takao et al. (2013), L >= 10 km",reverse,D/AD,Gamma,50,5.8,7.4,0.0,0.5,openquake.fdha.primary_surf_displ.takao2013.Takao2013PrimaryFD,"Takao, M., Tsuchiyama, J., Annaka, T., & Kurita, T. (2013). Application of probabilistic fault displacement hazard analysis in Japan. Journal of Japan Association for Earthquake Engineering, 13(1), 17-36.",10.5610/jaee.13.1_17,
e,A,takao2013_ad_short,"Takao et al. (2013), L < 10 km",reverse,D/AD,Gamma,50,5.8,7.4,0.0,0.5,openquake.fdha.primary_surf_displ.takao2013.Takao2013PrimaryFD,"Takao, M., Tsuchiyama, J., Annaka, T., & Kurita, T. (2013). Application of probabilistic fault displacement hazard analysis in Japan. Journal of Japan Association for Earthquake Engineering, 13(1), 17-36.",10.5610/jaee.13.1_17,
f,A,petersen2011_bilinear_ad,"Petersen et al. (2011), Bilinear",strike-slip,D/AD,Lognormal,50,6.0,8.0,0.0,0.5,openquake.fdha.primary_surf_displ.petersen2011.Petersen2011PrimaryFD_bilinear,"Petersen, M. D., Dawson, T. E., Chen, R., Cao, T., Wills, C. J., Schwartz, D. P., & Frankel, A. D. (2011). Fault displacement hazard for strike-slip faults. Bulletin of the Seismological Society of America, 101(2), 805-825.",10.1785/0120100035,
f,A,petersen2011_elliptical_ad,"Petersen et al. (2011), Elliptical",strike-slip,D/AD,Lognormal,50,6.0,8.0,0.0,0.5,openquake.fdha.primary_surf_displ.petersen2011.Petersen2011PrimaryFD_elliptical,"Petersen, M. D., Dawson, T. E., Chen, R., Cao, T., Wills, C. J., Schwartz, D. P., & Frankel, A. D. (2011). Fault displacement hazard for strike-slip faults. Bulletin of the Seismological Society of America, 101(2), 805-825.",10.1785/0120100035,
f,A,petersen2011_quadratic_ad,"Petersen et al. (2011), Quadratic",strike-slip,D/AD,Lognormal,50,6.0,8.0,0.0,0.5,openquake.fdha.primary_surf_displ.petersen2011.Petersen2011PrimaryFD_quadratic,"Petersen, M. D., Dawson, T. E., Chen, R., Cao, T., Wills, C. J., Schwartz, D. P., & Frankel, A. D. (2011). Fault displacement hazard for strike-slip faults. Bulletin of the Seismological Society of America, 101(2), 805-825.",10.1785/0120100035,
f,A,takao2013_ad_long_ss,"Takao et al. (2013), L >= 10 km",strike-slip,D/AD,Gamma,50,5.8,7.4,0.0,0.5,openquake.fdha.primary_surf_displ.takao2013.Takao2013PrimaryFD,"Takao, M., Tsuchiyama, J., Annaka, T., & Kurita, T. (2013). Application of probabilistic fault displacement hazard analysis in Japan. Journal of Japan Association for Earthquake Engineering, 13(1), 17-36.",10.5610/jaee.13.1_17,
f,A,takao2013_ad_short_ss,"Takao et al. (2013), L < 10 km",strike-slip,D/AD,Gamma,50,5.8,7.4,0.0,0.5,openquake.fdha.primary_surf_displ.takao2013.Takao2013PrimaryFD,"Takao, M., Tsuchiyama, J., Annaka, T., & Kurita, T. (2013). Application of probabilistic fault displacement hazard analysis in Japan. Journal of Japan Association for Earthquake Engineering, 13(1), 17-36.",10.5610/jaee.13.1_17,
g,B,lav2023_normal,Lavrentiadis and Abrahamson (2023),normal,absolute_cm,aggregate-primary,50,5.0,8.5,0.0,0.5,openquake.fdha.primary_surf_displ.lavrentiadis2023.Lavrentiadis2023PrimaryFD,"Lavrentiadis, G., & Abrahamson, N. A. (2023). A non-ergodic spectral acceleration ground motion model for California developed with random vibration theory. Bulletin of Earthquake Engineering, 21, 5265-5291.",10.1007/s10518-023-01773-0,
g,B,kuehn2024_normal,Kuehn et al. (2024),normal,absolute_cm,aggregate,50,6.0,8.0,0.0,0.5,openquake.fdha.primary_surf_displ.kuehn2024.kuehn2024.Kuehn2024PrimaryFD,"Kuehn, N. M., Kottke, A. R., Sarmiento, A. C., Madugo, C. M., & Bozorgnia, Y. (2024). A fault displacement model based on the FDHI database. Earthquake Spectra.",10.1177/87552930241291077,
h,B,lav2023_reverse,Lavrentiadis and Abrahamson (2023),reverse,absolute_cm,aggregate-primary,50,5.0,8.5,0.0,0.5,openquake.fdha.primary_surf_displ.lavrentiadis2023.Lavrentiadis2023PrimaryFD,"Lavrentiadis, G., & Abrahamson, N. A. (2023). A non-ergodic spectral acceleration ground motion model for California developed with random vibration theory. Bulletin of Earthquake Engineering, 21, 5265-5291.",10.1007/s10518-023-01773-0,
h,B,kuehn2024_reverse,Kuehn et al. (2024),reverse,absolute_cm,aggregate,50,5.0,8.0,0.0,0.5,openquake.fdha.primary_surf_displ.kuehn2024.kuehn2024.Kuehn2024PrimaryFD,"Kuehn, N. M., Kottke, A. R., Sarmiento, A. C., Madugo, C. M., & Bozorgnia, Y. (2024). A fault displacement model based on the FDHI database. Earthquake Spectra.",10.1177/87552930241291077,
i,B,petersen2011_bilinear,"Petersen et al. (2011), Bilinear",strike-slip,absolute_cm,single-principal,50,6.0,8.0,0.0,0.5,openquake.fdha.primary_surf_displ.petersen2011.Petersen2011PrimaryFD_bilinear,"Petersen, M. D., Dawson, T. E., Chen, R., Cao, T., Wills, C. J., Schwartz, D. P., & Frankel, A. D. (2011). Fault displacement hazard for strike-slip faults. Bulletin of the Seismological Society of America, 101(2), 805-825.",10.1785/0120100035,
i,B,petersen2011_elliptical,"Petersen et al. (2011), Elliptical",strike-slip,absolute_cm,single-principal,50,6.0,8.0,0.0,0.5,openquake.fdha.primary_surf_displ.petersen2011.Petersen2011PrimaryFD_elliptical,"Petersen, M. D., Dawson, T. E., Chen, R., Cao, T., Wills, C. J., Schwartz, D. P., & Frankel, A. D. (2011). Fault displacement hazard for strike-slip faults. Bulletin of the Seismological Society of America, 101(2), 805-825.",10.1785/0120100035,
i,B,petersen2011_quadratic,"Petersen et al. (2011), Quadratic",strike-slip,absolute_cm,single-principal,50,6.0,8.0,0.0,0.5,openquake.fdha.primary_surf_displ.petersen2011.Petersen2011PrimaryFD_quadratic,"Petersen, M. D., Dawson, T. E., Chen, R., Cao, T., Wills, C. J., Schwartz, D. P., & Frankel, A. D. (2011). Fault displacement hazard for strike-slip faults. Bulletin of the Seismological Society of America, 101(2), 805-825.",10.1785/0120100035,
i,B,lav2023_strikeslip,Lavrentiadis and Abrahamson (2023),strike-slip,absolute_cm,aggregate-primary,50,5.0,8.5,0.0,0.5,openquake.fdha.primary_surf_displ.lavrentiadis2023.Lavrentiadis2023PrimaryFD,"Lavrentiadis, G., & Abrahamson, N. A. (2023). A non-ergodic spectral acceleration ground motion model for California developed with random vibration theory. Bulletin of Earthquake Engineering, 21, 5265-5291.",10.1007/s10518-023-01773-0,
i,B,chiou2025_ss,Chiou et al. (2025),strike-slip,absolute_cm,sum-of-principal,50,6.0,8.3,0.0,0.5,openquake.fdha.primary_surf_displ.chiou2025.Chiou2025PrimaryFD,"Chiou, B. S. J., Chen, R., Thomas, K., Milliner, C., Dawson, T., & Petersen, M. (2025). Fault displacement model for surface principal rupture of strike-slip faults. Earthquake Spectra.",10.1177/87552930251337703,
i,B,kuehn2024_strikeslip,Kuehn et al. (2024),strike-slip,absolute_cm,aggregate,50,6.0,8.0,0.0,0.5,openquake.fdha.primary_surf_displ.kuehn2024.kuehn2024.Kuehn2024PrimaryFD,"Kuehn, N. M., Kottke, A. R., Sarmiento, A. C., Madugo, C. M., & Bozorgnia, Y. (2024). A fault displacement model based on the FDHI database. Earthquake Spectra.",10.1177/87552930241291077,
c,A,petersen2011_bilinear_md,"Petersen et al. (2011), Bilinear",strike-slip,D/MD,(not source-defined),50,6.0,8.0,0.0,0.5,openquake.fdha.primary_surf_displ.petersen2011.Petersen2011PrimaryFD_bilinear,"Petersen, M. D., Dawson, T. E., Chen, R., Cao, T., Wills, C. J., Schwartz, D. P., & Frankel, A. D. (2011). Fault displacement hazard for strike-slip faults. Bulletin of the Seismological Society of America, 101(2), 805-825.",10.1785/0120100035,Petersen et al. (2011) source publication publishes ln(D) and ln(D/AD) formulations (Eqs. 7-17) but NOT ln(D/MD); no source-defined D/MD distribution exists.
c,A,petersen2011_elliptical_md,"Petersen et al. (2011), Elliptical",strike-slip,D/MD,(not source-defined),50,6.0,8.0,0.0,0.5,openquake.fdha.primary_surf_displ.petersen2011.Petersen2011PrimaryFD_elliptical,"Petersen, M. D., Dawson, T. E., Chen, R., Cao, T., Wills, C. J., Schwartz, D. P., & Frankel, A. D. (2011). Fault displacement hazard for strike-slip faults. Bulletin of the Seismological Society of America, 101(2), 805-825.",10.1785/0120100035,Petersen et al. (2011) source publication publishes ln(D) and ln(D/AD) formulations (Eqs. 7-17) but NOT ln(D/MD); no source-defined D/MD distribution exists.
c,A,petersen2011_quadratic_md,"Petersen et al. (2011), Quadratic",strike-slip,D/MD,(not source-defined),50,6.0,8.0,0.0,0.5,openquake.fdha.primary_surf_displ.petersen2011.Petersen2011PrimaryFD_quadratic,"Petersen, M. D., Dawson, T. E., Chen, R., Cao, T., Wills, C. J., Schwartz, D. P., & Frankel, A. D. (2011). Fault displacement hazard for strike-slip faults. Bulletin of the Seismological Society of America, 101(2), 805-825.",10.1785/0120100035,Petersen et al. (2011) source publication publishes ln(D) and ln(D/AD) formulations (Eqs. 7-17) but NOT ln(D/MD); no source-defined D/MD distribution exists.
